channel_group,sessions,purchases,revenue,conversion_rate
Direct,82389,1251,79650.0,0.015184065834031242
Organic Search,121603,1572,104007.0,0.012927312648536632
Other,73262,1445,85931.0,0.019723731265867708
Paid Search,15538,166,9056.0,0.010683485648088556
Referral,62178,1258,83521.0,0.020232236482357103
